{
  "Basic Backtracking": {
    "times": [
      3.743171691894531e-05,
      6.413459777832031e-05,
      8.20159912109375e-05,
      3.3855438232421875e-05,
      4.673004150390625e-05,
      4.38690185546875e-05,
      3.790855407714844e-05
    ],
    "backtracks": [
      0.0,
      0.0,
      0.0,
      0.0,
      0.0,
      0.0,
      0.0
    ],
    "constraint_checks": [
      26.0,
      36.0,
      31.0,
      22.0,
      36.0,
      31.0,
      31.0
    ],
    "success_rate": 70.0
  },
  "Backtracking + Heuristics": {
    "times": [
      0.004315853118896484,
      0.009980201721191406,
      0.006928920745849609,
      0.0032606124877929688,
      0.0049285888671875,
      0.005970478057861328,
      0.005972385406494141
    ],
    "backtracks": [
      0.0,
      0.0,
      0.0,
      0.0,
      0.0,
      0.0,
      0.0
    ],
    "constraint_checks": [
      27.0,
      36.0,
      32.0,
      22.0,
      31.0,
      33.0,
      34.0
    ],
    "success_rate": 70.0
  },
  "Backtracking + Forward Checking": {
    "times": [
      0.0039556026458740234,
      0.009600162506103516,
      0.006505250930786133,
      0.0030689239501953125,
      0.004715919494628906,
      0.005673646926879883,
      0.0057926177978515625
    ],
    "backtracks": [
      0.0,
      0.0,
      0.0,
      0.0,
      0.0,
      0.0,
      0.0
    ],
    "constraint_checks": [
      8.0,
      8.0,
      8.0,
      8.0,
      8.0,
      8.0,
      8.0
    ],
    "success_rate": 70.0
  }
}