{
  "Manhattan": {
    "path_lengths": [
      19.0,
      19.0,
      19.0,
      20.0,
      25.0,
      11.0,
      30.0,
      23.0,
      10.0,
      6.0,
      1.0,
      18.0,
      6.0,
      18.0,
      1.0,
      20.0,
      7.0,
      9.0,
      21.0,
      15.0,
      18.0,
      18.0,
      8.0,
      21.0,
      5.0,
      22.0,
      20.0,
      23.0
    ],
    "nodes_expanded": [
      55.0,
      87.0,
      54.0,
      52.0,
      74.0,
      16.0,
      142.0,
      69.0,
      17.0,
      12.0,
      2.0,
      24.0,
      12.0,
      46.0,
      2.0,
      56.0,
      13.0,
      22.0,
      58.0,
      42.0,
      49.0,
      44.0,
      16.0,
      64.0,
      7.0,
      51.0,
      57.0,
      67.0
    ],
    "times": [
      0.00024890899658203125,
      0.0004291534423828125,
      0.00026416778564453125,
      0.00025916099548339844,
      0.00033545494079589844,
      8.273124694824219e-05,
      0.0005645751953125,
      0.0003268718719482422,
      7.82012939453125e-05,
      6.413459777832031e-05,
      2.7418136596679688e-05,
      0.0001316070556640625,
      6.723403930664062e-05,
      0.00020956993103027344,
      1.9550323486328125e-05,
      0.00027060508728027344,
      7.367134094238281e-05,
      0.00011324882507324219,
      0.0002689361572265625,
      0.0001823902130126953,
      0.0002300739288330078,
      0.00021696090698242188,
      7.390975952148438e-05,
      0.00028061866760253906,
      4.172325134277344e-05,
      0.00023031234741210938,
      0.0002601146697998047,
      0.0003082752227783203
    ],
    "success_rate": 93.33333333333333
  },
  "Euclidean": {
    "path_lengths": [
      19.0,
      19.0,
      19.0,
      20.0,
      25.0,
      11.0,
      30.0,
      23.0,
      10.0,
      6.0,
      1.0,
      18.0,
      6.0,
      18.0,
      1.0,
      20.0,
      7.0,
      9.0,
      21.0,
      15.0,
      18.0,
      18.0,
      8.0,
      21.0,
      5.0,
      22.0,
      20.0,
      23.0
    ],
    "nodes_expanded": [
      81.0,
      110.0,
      60.0,
      100.0,
      131.0,
      18.0,
      149.0,
      88.0,
      18.0,
      12.0,
      2.0,
      31.0,
      12.0,
      69.0,
      2.0,
      76.0,
      16.0,
      29.0,
      95.0,
      45.0,
      83.0,
      72.0,
      18.0,
      87.0,
      7.0,
      78.0,
      80.0,
      105.0
    ],
    "times": [
      0.0006794929504394531,
      0.0009107589721679688,
      0.0004942417144775391,
      0.0007457733154296875,
      0.0008985996246337891,
      0.000148773193359375,
      0.0009107589721679688,
      0.0006046295166015625,
      0.00012922286987304688,
      0.00011038780212402344,
      2.765655517578125e-05,
      0.00023889541625976562,
      0.00010633468627929688,
      0.0005085468292236328,
      1.5497207641601562e-05,
      0.0005350112915039062,
      0.00012683868408203125,
      0.0002079010009765625,
      0.0006706714630126953,
      0.00031876564025878906,
      0.0006613731384277344,
      0.0005047321319580078,
      0.00014281272888183594,
      0.0006172657012939453,
      6.604194641113281e-05,
      0.0005846023559570312,
      0.0005602836608886719,
      0.000732421875
    ],
    "success_rate": 93.33333333333333
  },
  "Chebyshev": {
    "path_lengths": [
      19.0,
      19.0,
      19.0,
      20.0,
      25.0,
      11.0,
      30.0,
      23.0,
      10.0,
      6.0,
      1.0,
      18.0,
      6.0,
      18.0,
      1.0,
      20.0,
      7.0,
      9.0,
      21.0,
      15.0,
      18.0,
      18.0,
      8.0,
      21.0,
      5.0,
      22.0,
      20.0,
      23.0
    ],
    "nodes_expanded": [
      104.0,
      115.0,
      72.0,
      119.0,
      143.0,
      26.0,
      162.0,
      102.0,
      21.0,
      15.0,
      2.0,
      41.0,
      17.0,
      74.0,
      2.0,
      87.0,
      18.0,
      30.0,
      107.0,
      49.0,
      97.0,
      90.0,
      22.0,
      102.0,
      10.0,
      116.0,
      93.0,
      145.0
    ],
    "times": [
      0.0005242824554443359,
      0.0005390644073486328,
      0.0003535747528076172,
      0.0005393028259277344,
      0.0006079673767089844,
      0.00011682510375976562,
      0.0006263256072998047,
      0.0004360675811767578,
      9.489059448242188e-05,
      6.985664367675781e-05,
      1.0728836059570312e-05,
      0.0001780986785888672,
      7.915496826171875e-05,
      0.00029850006103515625,
      8.106231689453125e-06,
      0.00036454200744628906,
      8.559226989746094e-05,
      0.0001361370086669922,
      0.0004780292510986328,
      0.0001990795135498047,
      0.00041031837463378906,
      0.00038504600524902344,
      9.703636169433594e-05,
      0.00042724609375,
      4.839897155761719e-05,
      0.00047278404235839844,
      0.00038814544677734375,
      0.0006275177001953125
    ],
    "success_rate": 93.33333333333333
  }
}